{"Logistic Regression": 0.27180192501872985, "Random Forest": 0.02, "XGBoost": 0.01815628446638584}